rotation_id,tail,service_date,flights,max_risk_score,total_arrival_delay_min,propagated_delay_min,projected_downstream_delay_min
ROT-319,N685EA,2026-08-20,4,64,451,283,431
ROT-305,N792EA,2026-08-18,4,64,364,238,398
ROT-347,N228EA,2026-08-24,5,61,438,271,567
ROT-317,N584EA,2026-08-20,5,60,264,135,234
ROT-311,N764EA,2026-08-19,5,57,507,340,654
ROT-340,N637EA,2026-08-23,5,56,475,371,663
ROT-310,N343EA,2026-08-19,4,56,340,239,341
ROT-318,N336EA,2026-08-20,4,56,117,11,79
ROT-328,N524EA,2026-08-21,5,55,289,176,300
ROT-334,N293EA,2026-08-22,5,54,212,124,247
ROT-332,N591EA,2026-08-22,5,51,237,135,309
ROT-346,N409EA,2026-08-24,5,50,251,134,271
ROT-335,N688EA,2026-08-22,4,50,127,60,87
ROT-312,N543EA,2026-08-19,5,49,143,79,131
ROT-330,N389EA,2026-08-22,5,49,128,50,116
ROT-316,N431EA,2026-08-20,5,48,240,70,191
ROT-325,N284EA,2026-08-21,5,48,189,78,177
ROT-313,N632EA,2026-08-19,5,47,209,131,289
ROT-329,N751EA,2026-08-22,4,47,248,111,232
ROT-315,N299EA,2026-08-20,5,47,199,118,223
ROT-341,N233EA,2026-08-23,3,47,100,68,93
ROT-344,N338EA,2026-08-24,5,47,108,47,85
ROT-343,N954EA,2026-08-24,5,46,169,100,132
ROT-338,N251EA,2026-08-23,5,45,248,125,262
ROT-307,N566EA,2026-08-18,5,45,122,85,171
ROT-337,N560EA,2026-08-23,4,42,99,72,138
ROT-331,N638EA,2026-08-22,4,42,58,6,53
ROT-345,N538EA,2026-08-24,5,39,47,14,31
ROT-342,N209EA,2026-08-23,4,36,66,18,32
ROT-302,N987EA,2026-08-18,5,35,94,48,52
ROT-349,N318EA,2026-08-24,5,35,43,0,4
ROT-324,N302EA,2026-08-21,5,34,54,31,67
ROT-304,N480EA,2026-08-18,4,34,108,7,57
ROT-336,N693EA,2026-08-23,4,34,37,19,51
ROT-323,N400EA,2026-08-21,5,34,61,31,36
ROT-333,N976EA,2026-08-22,3,34,34,0,21
ROT-322,N569EA,2026-08-21,3,32,60,23,19
ROT-348,N360EA,2026-08-24,4,31,20,15,9
ROT-308,N702EA,2026-08-19,3,31,45,0,7
ROT-303,N945EA,2026-08-18,3,31,6,0,2
ROT-339,N448EA,2026-08-23,5,30,41,25,28
ROT-314,N284EA,2026-08-19,3,30,13,4,3
ROT-301,N723EA,2026-08-18,5,28,12,5,0
ROT-309,N793EA,2026-08-19,4,27,43,2,20
ROT-320,N499EA,2026-08-20,3,27,7,2,2
ROT-306,N378EA,2026-08-18,4,26,9,8,2
ROT-321,N289EA,2026-08-20,5,25,5,0,0
ROT-327,N768EA,2026-08-21,3,22,32,0,10
ROT-326,N316EA,2026-08-21,4,20,10,0,0
